{
	// Case-sensitive hotstrings
    "Hotstrings": {
		// Lowercase Greek
        "alpha": "α",
        "beta": "β",
        "gamma": "γ",
        "delta": "δ",
        "epsilon": "ε",
        "zeta": "ζ",
        "eta": "η",
        "theta": "θ",
        "iota": "ι",
        "kappa": "κ",
        "lambda": "λ",
        "mu": "μ",
        "nu": "ν",
        "xi": "ξ",
        "omicron": "ο",
        "pi": "π",
        "rho": "ρ",
        "sigma": "σ",
        "tau": "τ",
        "upsilon": "υ",
        "phi": "φ",
        "chi": "χ",
        "psi": "ψ",
        "omega": "ω",
		
		// Uppercase Greek
        "Alpha": "Α",
        "Beta": "Β",
        "Gamma": "Γ",
        "Delta": "Δ",
        "Epsilon": "Ε",
        "Zeta": "Ζ",
        "Eta": "Η",
        "Theta": "Θ",
        "Iota": "Ι",
        "Kappa": "Κ",
        "Lambda": "Λ",
        "Mu": "Μ",
        "Nu": "Ν",
        "Xi": "Ξ",
        "Omicron": "Ο",
        "Pi": "Π",
        "Rho": "Ρ",
        "Sigma": "Σ",
        "Tau": "Τ",
        "Upsilon": "Υ",
        "Phi": "Φ",
        "Chi": "Χ",
        "Psi": "Ψ",
        "Omega": "Ω",
		
		// Superscripts
        "^0": "⁰",
        "^1": "¹",
        "^2": "²",
        "^3": "³",
        "^4": "⁴",
        "^5": "⁵",
        "^6": "⁶",
        "^7": "⁷",
        "^8": "⁸",
        "^9": "⁹",
		
        "^+": "⁺",
        "^-": "⁻",
        "^=": "⁼",
        "^(": "⁽",
        "^)": "⁾",
		
        "^a": "ᵃ",
        "^b": "ᵇ",
        "^c": "ᶜ",
        "^d": "ᵈ",
        "^e": "ᵉ",
        "^f": "ᶠ",
        "^g": "ᵍ",
        "^h": "ʰ",
        "^i": "ⁱ",
        "^j": "ʲ",
        "^k": "ᵏ",
        "^l": "ˡ",
        "^m": "ᵐ",
        "^n": "ⁿ",
        "^o": "ᵒ",
        "^p": "ᵖ",
        "^r": "ʳ",
        "^s": "ˢ",
        "^t": "ᵗ",
        "^u": "ᵘ",
        "^v": "ᵛ",
        "^w": "ʷ",
        "^x": "ˣ",
        "^y": "ʸ",
        "^z": "ᶻ",
		
        "^A": "ᴬ",
        "^B": "ᴮ",
        "^D": "ᴰ",
        "^E": "ᴱ",
        "^G": "ᴳ",
        "^H": "ᴴ",
        "^I": "ᴵ",
        "^J": "ᴶ",
        "^K": "ᴷ",
        "^L": "ᴸ",
        "^M": "ᴹ",
        "^N": "ᴺ",
        "^O": "ᴼ",
        "^P": "ᴾ",
        "^R": "ᴿ",
        "^T": "ᵀ",
        "^U": "ᵁ",
        "^V": "ⱽ",
        "^W": "ᵂ",
		
		// Subscripts
        "_0": "₀",
        "_1": "₁",
        "_2": "₂",
        "_3": "₃",
        "_4": "₄",
        "_5": "₅",
        "_6": "₆",
        "_7": "₇",
        "_8": "₈",
        "_9": "₉",
        "_10": "⏨",
		
        "_+": "₊",
        "_-": "₋",
        "_=": "₌",
        "_(": "₍",
        "_)": "₎",
        "_\"": "„",
		
        "_a": "ₐ",
        "_e": "ₑ",
        "_h": "ₕ",
        "_i": "ᵢ",
        "_j": "ⱼ",
        "_k": "ₖ",
        "_l": "ₗ",
        "_m": "ₘ",
        "_n": "ₙ",
        "_o": "ₒ",
        "_p": "ₚ",
        "_r": "ᵣ",
        "_s": "ₛ",
        "_t": "ₜ",
        "_u": "ᵤ",
        "_v": "ᵥ",
        "_x": "ₓ",
		
		// Accented characters
        "A'": "Á",
        "a'": "á",
        "A`": "À",
        "a`": "à",
        "A-": "Ā",
        "a-": "ā",
        "Av": "Ǎ",
        "av": "ǎ",
        "A^": "Â",
        "a^": "â",
        "Ao": "Å",
        "ao": "å",
        "A**": "Ä",
        "a**": "ä",
        "A~": "Ã",
        "a~": "ã",
        "A-acute": "Á",
        "a-acute": "á",
        "A-grave": "À",
        "a-grave": "à",
        "A-macron": "Ā",
        "a-macron": "ā",
        "A-caron": "Ǎ",
        "a-caron": "ǎ",
        "A-circumflex": "Â",
        "a-circumflex": "â",
        "A-ring": "Å",
        "a-ring": "å",
        "AA": "Å",
        "aa": "å",
        "A-umlaut": "Ä",
        "a-umlaut": "ä",
        "A-tilde": "Ã",
        "a-tilde": "ã",
		
        "E'": "É",
        "e'": "é",
        "E`": "È",
        "e`": "è",
        "E-": "Ē",
        "e-": "ē",
        "Ev": "Ě",
        "ev": "ě",
        "E^": "Ê",
        "e^": "ê",
        "E**": "Ë",
        "e**": "ë",
        "E-acute": "É",
        "e-acute": "é",
        "E-grave": "È",
        "e-grave": "è",
        "E-macron": "Ē",
        "e-macron": "ē",
        "E-caron": "Ě",
        "e-caron": "ě",
        "E-circumflex": "Ê",
        "e-circumflex": "ê",
        "E-umlaut": "Ë",
        "e-umlaut": "ë",
		
        "I'": "Í",
        "i'": "í",
        "I`": "Ì",
        "i`": "ì",
        "I-": "Ī",
        "i-": "ī",
        "Iv": "Ǐ",
        "iv": "ǐ",
        "I^": "Î",
        "i^": "î",
        "I**": "Ï",
        "i**": "ï",
        "I-acute": "Í",
        "i-acute": "í",
        "I-grave": "Ì",
        "i-grave": "ì",
        "I-macron": "Ī",
        "i-macron": "ī",
        "I-caron": "Ǐ",
        "i-caron": "ǐ",
        "I-circumflex": "Î",
        "i-circumflex": "î",
        "I-umlaut": "Ï",
        "i-umlaut": "ï",
		
        "O'": "Ó",
        "o'": "ó",
        "O`": "Ò",
        "o`": "ò",
        "O-": "Ō",
        "o-": "ō",
        "Ov": "Ǒ",
        "ov": "ǒ",
        "O^": "Ô",
        "o^": "ô",
        "O**": "Ö",
        "o**": "ö",
        "O/": "Ø",
        "o/": "ø",
        "O-acute": "Ó",
        "o-acute": "ó",
        "O-grave": "Ò",
        "o-grave": "ò",
        "O-macron": "Ō",
        "o-macron": "ō",
        "O-caron": "Ǒ",
        "o-caron": "ǒ",
        "O-circumflex": "Ô",
        "o-circumflex": "ô",
        "O-umlaut": "Ö",
        "o-umlaut": "ö",
        "O-slash": "Ø",
        "o-slash": "ø",
		
        "U'": "Ú",
        "u'": "ú",
        "U`": "Ù",
        "u`": "ù",
        "U-": "Ū",
        "u-": "ū",
        "Uv": "Ǔ",
        "uv": "ǔ",
        "U*'": "Ǘ",
        "u*'": "ǘ",
        "U*`": "Ǜ",
        "u*`": "ǜ",
        "U*-": "Ǖ",
        "u*-": "ǖ",
        "U*v": "Ǚ",
        "u*v": "ǚ",
        "U^": "Û",
        "u^": "û",
        "Uo": "Ů",
        "uo": "ů",
        "U**": "Ü",
        "u**": "ü",
        "U-acute": "Ú",
        "u-acute": "ú",
        "U-grave": "Ù",
        "u-grave": "ù",
        "U-macron": "Ū",
        "u-macron": "ū",
        "U-caron": "Ǔ",
        "u-caron": "ǔ",
        "U-circumflex": "Û",
        "u-circumflex": "û",
        "U-ring": "Ů",
        "u-ring": "ů",
        "U-umlaut": "Ü",
        "u-umlaut": "ü",
		
        "C,": "Ç",
        "c,": "ç",
        "C-cedilla": "Ç",
        "c-cedilla": "ç",
		
        "N~": "Ñ",
        "n~": "ñ",
        "N-tilde": "Ñ",
        "n-tilde": "ñ",
		
        "Y'": "Ý",
        "y'": "ý",
        "Y-acute": "Ý",
        "y-acute": "ý",
		
        "AE": "Æ",
        "ae": "æ",
        "OE": "Œ",
        "oe": "œ",
		
        "slong": "ſ",
        "Thorn": "Þ",
        "thorn": "þ"
    },
	
	
	// Case-insensitive hotstrings
    "hotstrings": {
		// Generic accent marks
        "-'": "́",
        "-`": "̀",
        "-^": "̂",
        "-o": "̊",
        "-,": "̧",
        "-**": "̈",
        "-~": "̃",
        "-acute": "́",
        "-grave": "̀",
        "-circumflex": "̂",
        "-ring": "̊",
        "-cedilla": "̧",
        "-umlaut": "̈",
        "-tilde": "̃",
		
		// Comparators
        "!<": "≮",
        "!<=": "≰",
        "<=": "≤",
        "<<": "≪",
        "!>": "≯",
        "!>=": "≱",
        ">=": "≥",
        ">>": "≫",
        "!=": "≠",
        "!~=": "≉",
        "~=": "≈",
        "proportional": "∝",
        "!congruent": "≆",
        "congruent": "≅",
        "=~": "≅",
        "!===": "≢",
        "===": "≡",
		
		// Operators
        "+-": "±",
        "-+": "∓",
        "composite": "∘",
        "of": "∘",
        "ring": "∘",
        "cuberoot": "∛",
        "fourthroot": "∜",
        "root": "√",
        "sqrt": "√",
        "integral": "∫",
        "del": "∇",
        "nabla": "∇",
        "o+": "⊕",
        "o-": "⊖",
        "ox": "⊗",
        "o\\": "d",
        "o*": "⊙",
        "*": "•",
        "partial": "∂",
        "-dot": "̇",
        "-dotdot": "̈",
        "lceil": "⌈",
        "lceiling": "⌈",
        "leftceiling": "⌈",
        "rceil": "⌉",
        "rceiling": "⌉",
        "rightceiling": "⌉",
        "lfloor": "⌊",
        "leftfloor": "⌊",
        "rfloor": "⌋",
        "rightfloor": "⌋",
        "division": "÷",
        "divide": "÷",
        "/": "⁄",
        "!divides": "∤",
        "divides": "∣",
		
		// Sets
        "!propersubset": "⊄",
        "propersubset": "⊂",
        "!subset": "⊈",
        "subset": "⊆",
        "!propersuperset": "⊅",
        "propersuperset": "⊃",
        "!superset": "⊉",
        "superset": "⊇",
        "!element": "∉",
        "element": "∈",
        "in": "∈",
        "!exists": "∄",
        "exists": "∃",
        "intersect": "⋂",
        "union": "⋃",
        "forall": "∀",
        "nullset": "∅",
        "null": "∅",
        "emptyset": "∅",
        "empty": "∅",
        "reals": "ℝ",
        "rationals": "ℚ",
        "integers": "ℤ",
        "complex": "ℂ",
        "naturals": "ℕ",
        "universal": "𝕌",
        "universe": "𝕌",
        "powerset": "𝒫",
		
		// Logic
        "therefore": "∴",
        "because": "∵",
        "not": "¬",
        "and": "⋀",
        "xor": "⊕",
        "or": "⋁",
        "implies": "⇒",
        "then": "⇒",
        "iff": "⇔",
        "ifandonlyif": "⇔",
		
		// Arrows
        "upleft": "↖",
        "leftup": "↖",
        "upright": "↗",
        "rightup": "↗",
        "downright": "↘",
        "rightdown": "↘",
        "downleft": "↙",
        "leftdown": "↙",
        "<->": "↔",
        "leftright": "↔",
        "rightleft": "↔",
        "horizontal": "↔",
        "<-": "←",
        "left": "←",
        "->": "→",
        "right": "→",
        "up": "↑",
        "down": "↓",
        "updown": "↕",
        "downup": "↕",
        "vertical": "↕",
        "<==": "⇐",
        "==>": "⇒",
        "<=>": "⇔",
		
		// Units
        "micro": "μ",
        " degrees": "°",
        "degrees": "°",
        " degree": "°",
        "degree": "°",
        "deg": "°",
        "degreesC": "℃",
        "degreeC": "℃",
        "degC": "℃",
        "degreesF": "℉",
        "degreeF": "℉",
        "degF": "℉",
        "ohm": "Ω",
		
		// Astronomical
        "sol": "☉",
		
        "mercury": "☿",
        "venus": "♀",
        "earth": "⨁",
        "earth2": "♁",
        "luna": "☾",
        "mars": "♂",
        "jupiter": "♃",
        "saturn": "♄",
        "uranus": "⛢",
        "uranus2": "♅",
        "neptune": "♆",
        "pluto": "♇",
        "pluto2": "⯓",
		
        "aries": "♈",
        "taurus": "♉",
        "gemini": "♊",
        "cancer": "♋",
        "leo": "♌",
        "virgo": "♍",
        "libra": "♎",
        "scorpius": "♏",
        "sagittarius": "♐",
        "capricorn": "♑",
        "aquarius": "♒",
        "pisces": "♓",
        "ophiuchus": "⛎",
		
        "ceres": "⚳",
		
		// Currency
        "usd": "$",
        "cent": "¢",
        "cents": "¢",
        "gbp": "£",
        "currency": "¤",
        "scarab": "¤",
        "yen": "¥",
        "euro": "€",
        "btc": "₿",
        "$p": "₽",
		
		// Specific numbers
        "1/": "⅟",
        "1/2": "½",
        "1/3": "⅓",
        "2/3": "⅔",
        "1/4": "¼",
        "3/4": "¾",
        "1/5": "⅕",
        "2/5": "⅖",
        "3/5": "⅗",
        "4/5": "⅘",
        "1/6": "⅙",
        "5/6": "⅚",
        "1/7": "⅐",
        "1/8": "⅛",
        "3/8": "⅜",
        "5/8": "⅝",
        "7/8": "⅞",
        "1/9": "⅑",
        "1/10": "⅒",
        "infinity": "∞",
		
		// Punctuation and symbols
        "!!": "‼️",
        "inverted?!": "⸘",
        "flipped?!": "⸘",
        "flip?!": "⸘",
        "?!": "‽",
        "inverted!": "¡",
        "flipped!": "¡",
        "flip!": "¡",
        "inverted?": "¿",
        "flipped?": "¿",
        "flip?": "¿",
        "numero": "№",
        "No.": "№",
        "copyright": "©",
        "trademark": "™",
        "tm": "™",
        "registered": "®",
        "info": "ⓘ",
        "information": "ⓘ",
        "section": "§",
        "ddagger": "‡",
        "dagger": "†",
        "paragraph": "¶",
        "pilcrow": "¶",
        "-": "–",
        "--": "—",
        "\"\"": "”",
        "\"": "“",
        "''": "’",
        "'": "‘",
        "qed": "∎",
        "_...": "⋰",
        "^...": "⋱",
        "....": "⋮",
        "...": "⋯",
        ".c": "。",
        "?c": "？",
        "!c": "！",
        ":c": "：",
        ",c": "，",
        ";c": "；",
		
		// Kaomoji
        "_shrug": "¯\\_(ツ)_/¯",
        "_perv": "( ͡° ͜ʖ ͡°)",
        "_unflip": "┬─┬ノ( °◡° ノ)",
        "_flip": "(╯°□°）╯︵ ┻━┻",
        "_disapprove": "ಠ_ಠ",
        "_sunglasses1": "( •_•)>⌐■-■",
        "_sunglasses2": "(⌐■_■)",
        "_pointright": "(☞ﾟヮﾟ)☞",
        "_pointleft": "☜(ﾟヮﾟ☜)",
        "_disappointed": "(¬_¬ )",
        "_hug": "༼ つ ◕_◕ ༽つ",
		
		// Miscellaneous
        "bom": "﻿",
        "female": "♀",
        "male": "♂",
        "trans": "⚧",
        "perpendicular": "⟂",
        "rightangle": "⦜",
        "triangle": "△",
        "angle": "∠",
        "-bar": "̅",
        "-overscore": "̅",
        "-overline": "̅",
        "-hat": "̂",
        "aleph": "ℵ",
        "0 ": "​",
        ". ": "⠀",
        "nbsp": " ",
        "communism": "☭",
        "hammerandsickle": "☭",
        "censored": "█",
        "redacted": "█",
        "rtl": "‏",
        "ankh": "☥",
        "Rx": "℞",
        "sine": "∿",
        "bullet": "•",
        "flat": "♭",
        "sharp": "♯",
        "natural": "♮",
        "nat": "♮",
		
		// Emoji
        "emoji": "️",
        "EJC": "‍",
		
		// Heads
        ":)": "🙂",
        ":D": "😃",
        "=D": "😄",
        ";)": "😉",
        "^_^": "😁",
        "*_*": "🤩",
        "XD": "😆",
        "B)": "😎",
        ":|": "😐",
        ":/": "🫤",
        ">_<": "😖",
        ">.<": "😖",
        ":*": "😙",
        ":P": "😛",
        ";P": "😜",
        ">:(": "😠",
        ":(": "🙁",
        ">=(": "😠",
        ":S": "🥴",
        ":')": "🥲",
        ":'(": "😢",
        ":x": "😬",
        "xp": "😝",
        ":O": "😮",
        "unsure": "😕",
        "angel": "😇",
        "devil": "😈",
        "wink": "😉",
        "blush": "😊",
        "inlove": "🥰",
        "love": "😍",
        "love2": "🥰",
        "smirk": "😏",
        "smug": "😏",
        "stoic": "😐",
        "kiss": "😙",
        "kiss2": "😘",
        "tongue": "😛",
        "mad": "😤",
        "angry": "😠",
        "bull": "😤",
        "exhale": "😤",
        "nervous": "😟",
        "anxious": "😨",
        "scared": "😨",
        "worried": "😰",
        "relieved": "😌",
        "sleepy": "😪",
        "sob": "😭",
        "shocked": "😳",
        "flush": "😳",
        "flushed": "😳",
        "embarrassed": "😳",
        "surprised": "😲",
        "scream": "😱",
        "astonished": "😲",
        "monocle": "🧐",
        "sleep": "😴",
        "sleeping": "😴",
        "dizzy": "😵‍💫",
        "nomouth": "😶",
        "mask": "😷",
        "upsidedown": "🙃",
        "rolleyes": "🙄",
        "zipper": "🤐",
        "greed": "🤑",
        "greedy": "🤑",
        "sick": "🤒",
        "nerd": "🤓",
        "thinking": "🤔",
        "injured": "🤕",
        "hug": "🤗",
        "cold": "🥶",
        "nauseous": "🤢",
        "disgust": "🤢",
        "laugh": "🤣",
        "drool": "🤤",
        "sneeze": "🤧",
        "eyebrow": "🤨",
        "crazy": "🤪",
        "shh": "🤫",
        "giggle": "🤭",
        "puke": "🤮",
        "vomit": "🤮",
        "mindblown": "🤯",
        "yawn": "🥱",
        "party": "🥳",
        "party2": "🎈 🥳 🎂 ✨ 🎉 🎊 🎁",
        "brushingteeth": "😁😆😩😲😬",
        "please": "🥺",
        "beg": "🥺",
        "plead": "🥺",
        "cute": "🥹",
        "happytears": "🥹",
        "melting": "🫠",
        "salute": "🫡",
        "o7": "🫡",
        "yum": "🤤",
        "tasty": "😋",
        "hot": "🥵",
        "sweat": "🥵",
        "spicy": "🥵",
        "relief": "😅",
        "phew": "😅",
        ":'D": "😅",
        "baby": "👶",
        "liar": "🤥",
        "lying": "🤥",
        "santa": "🎅",
        "santaclaus": "🎅",
        "mrsclaus": "🤶",
        "fuck": "🤬",
        "weary": "😩",
        "pensive": "😔",
        "cowboy": "🤠",
        "proud": "️☺",
        "skull": "💀",
        "dead": "💀",
        "alien": "👽",
        "robot": "🤖",
        "clown": "🤡",
        "sigh": "😮‍💨",
        "moonface": "🌚",
        "dottedface": "🫥",
        "dotted": "🫥",
        "dashed": "🫥",
        "dashedface": "🫥",
		
		// Poses
        "hugging": "🫂",
        "facepalm": "🤦",
        "shrug": "🤷",
        "wave": "🙋",
        "full": "🫄",
        "hair": "💁",
        "bike": "🚴",
        "wizard": "🧙",
        "vampire": "🧛",
        "dracula": "🧛",
        "ghost": "👻",
        "snowman": "⛄",
		
		// Body parts
        "lips": "💋",
        "bitelip": "🫦",
        "mouth": "👄",
        "eyes": "👀",
        "brain": "🧠",
        "dna": "🧬",
        "pray": "🙏",
        "eye": "👁️",
        "ear": "👂",
        "nose": "👃",
        "blood": "🩸",
        "luck": "🤞",
        "pinch": "🤏",
        "small": "🤏",
        "tiny": "🤏",
        "horns": "🤘",
        "callme": "🤙",
        "handshake": "🤝",
        "deal": "🤝",
        "pointup": "👆",
        "pointdown": "👇",
        "pointleft": "👈",
        "pointright": "👉",
        "point": "👉",
        "fist": "👊",
        "ok": "👌",
        "thumbsup": "👍",
        "thumbsdown": "👎",
        "rock": "👊",
        "paper": "✋",
        "scissors": "✌️",
        "spock": "🖖",
        "clap": "👏",
        "fuckyou": "🖕",
        "LLAP": "🖖",
        "hand": "✋",
        "v": "✌️",
        "strong": "💪",
        "muscle": "💪",
		
		// Hearts
        "heartsuit": "♥️",
        "<3": "❤️",
        "</3": "💔",
        "brokenheart": "💔",
        "orangeheart": "🧡",
        "whiteheart": "🤍",
        "brownheart": "🤎",
        "blackheart": "🖤",
        "redheart": "❤️",
        "lightblueheart": "🩵",
        "blueheart": "💙",
        "greenheart": "💚",
        "yellowheart": "💛",
        "goldheart": "💛",
        "goldenheart": "💛",
        "purpleheart": "💜",
        "pinkheart": "🩷",
        "greyheart": "🩶",
        "grayheart": "🩶",
        "twohearts": "💕",
        "realheart": "🫀",
        "anatomicalheart": "🫀",
        "flamingheart": "❤️‍🔥",
        "burningheart": "❤️‍🔥",
        "bleedingheart": "❣️",
        "<3!": "❣️",
        "handheart": "🫶",
        "handsheart": "🫶",
        "plainheart": "♡",
        "textheart": "♡",
        "heartbeat": "💓",
        "beatingheart": "💓",
        "heart": "❤️",
		
		// Animals and plants
        "happycat": "😺",
        "laughcat": "😹",
        "lolcat": "😹",
        "smilecat": "😸",
        "lovecat": "😻",
        "smirkcat": "😼",
        "kisscat": "😽",
        "madcat": "😾",
        "angrycat": "😾",
        "sobcat": "😿",
        "crycat": "😿",
        "sadcat": "😿",
        "screamcat": "🙀",
        "cat": "🐈",
        "seenoevil": "🙈",
        "hearnoevil": "🙉",
        "speaknoevil": "🙊",
        "alligator": "🐊",
        "crocodile": "🐊",
        "croc": "🐊",
        "snake": "🐍",
        "tss": "🐍",
        "bee": "🐝",
        "bat": "🦇",
        "lizard": "🦎",
        "spider": "🕷️",
        "palmtree": "🌴",
        "christmastree": "🎄",
        "tree": "🌳",
        "cactus": "🌵",
        "clover": "🍀",
        "mushroom": "🍄",
        "pumpkin": "🎃",
        "jack-o-lantern": "🎃",
        "jackolantern": "🎃",
		
		// Food
        "taco": "🌮",
        "eggplant": "🍆",
        "peach": "🍑",
        "watermelon": "🍉",
        "banana": "🍌",
        "pineapple": "🍍",
        "apple": "🍎",
        "pizza": "🍕",
        "donut": "🍩",
        "cookie": "🍪",
        "pickle": "🥒",
        "egg": "🥚",
        "broccoli": "🥦",
        "sandwich": "🥪",
        "cheese": "🧀",
        "chocolate": "🍫",
        "candy": "🍬",
        "lollipop": "🍭",
        "bottle": "🍼",
        "milk": "🍼",
        "popcorn": "🍿",
        "cake": "🎂",
		
		// Nature
        "storm": "⛈️",
        "zap": "⚡",
        "lightning": "⚡",
        "bolt": "⚡",
        "snow": "❄️",
        "snowflake": "❄️",
        "star": "⭐",
        "rainbow": "🌈",
        "globe1": "🌍",
        "globe": "🌎",
        "globe2": "🌎",
        "globe3": "🌏",
        "moon1": "🌑",
        "moon2": "🌒",
        "moon3": "🌓",
        "moon4": "🌔",
        "moon5": "🌕",
        "moon6": "🌖",
        "moon7": "🌗",
        "moon8": "🌘",
        "moon": "🌙",
        "sun": "🌞",
        "raincloud": "🌧️",
        "fire": "🔥",
        "water": "💦",
        "wet": "💦",
		
		// Objects
        "alarm": "🚨",
        "alert": "🚨",
        "siren": "🚨",
        "piano": "🎹",
        "key": "🔑",
        "lock": "🔒",
        "bell": "🔔",
        "knife": "🔪",
        "gun": "🔫",
        "web": "🕸️",
        "sword": "🗡️",
        "rocket": "🚀",
        "bed": "🛌",
        "drum": "🥁",
        "badum": "🥁",
        "sunglasses": "🕶",
        "glasses": "👓",
        "safetypin": "🧷",
        "jab": "💉",
        "hourglass": "⏳",
        "hourglass2": "⌛",
        "umbrella": "☂️",
        "pickaxe": "⛏️",
        "airplane": "✈️",
        "plane": "✈️",
        "gift": "🎁",
        "present": "🎁",
        "balloon": "🎈",
        "diamond": "💎",
        "bomb": "💣",
        "poop": "💩",
        "watch": "⌚",
        "swords": "⚔️",
        "fireworks": "🎆",
        "sparkler": "🎇",
        "popper": "🎉",
        "confetti": "🎊",
        "target": "🎯",
        "pirateflag": "🏴‍☠️",
        "flag": "🚩",
        "jollyroger": "🏴‍☠️",
        "money": "💰",
		
		// Symbols
        "caution": "⚠️",
        "warning": "⚠️",
        "underage": "🔞",
        "18+": "🔞",
        "anger": "💢",
        "100": "💯",
        "radioactive": "☢️",
        "biohazard": "☣️",
        "islam": "☪️",
        "muslim": "☪️",
        "spade": "♠️",
        "club": "♣️",
        "diamondsuit": "♦️",
        "recycle": "♻️",
        "check": "✅",
        "check2": "✔️",
        "checkmark": "✔️",
        "cross": "✝️",
        "christian": "✝️",
        "jewish": "✡️",
        "starofdavid": "✡️",
        "menorah": "🕎",
        "x": "❌",
        "zzz": "💤",
        "shootingstar": "💫",
        "dizzy2": "💫",
        "no": "🚫",
        "cancel": "🚫",
        "prohibited": "🚫",
        "graphup": "📈",
        "graphdown": "📉",
        "fart": "💨",
        "red": "🟥",
        "orange": "🟧",
        "yellow": "🟨",
        "green": "🟩",
        "blue": "🟦",
        "purple": "🟪",
        "brown": "🟫",
        "black": "⬛",
        "white": "⬜",
        "red2": "🔴",
        "orange2": "🟠",
        "yellow2": "🟡",
        "green2": "🟢",
        "blue2": "🔵",
        "purple2": "🟣",
        "brown2": "🟤",
        "black2": "⚫",
        "white2": "⚪",
        "sound": "🔊",
        "audio": "🔊",
        "mute": "🔈",
        "muted": "🔈",
        "sparkles": "✨",
        "shiny": "✨",
        "music": "🎵",
        "plainnote": "♪",
        "textnote": "♪",
        "note": "🎵",
        "plainstar": "★",
        "textstar": "★",
        "hollowstar": "☆",
        "crossbones": "☠️",
        "!?": "⁉️",
        "!": "❗",
        "?": "❓"
    }
}